<?xml version="1.0" encoding="UTF-8"?>
<beans xmlns="http://www.springframework.org/schema/beans"
	xmlns:xsi="http://www.w3.org/2001/XMLSchema-instance"
	xmlns:security="http://www.springframework.org/schema/security"
	xsi:schemaLocation="http://www.springframework.org/schema/security http://www.springframework.org/schema/security/spring-security.xsd
		http://www.springframework.org/schema/beans http://www.springframework.org/schema/beans/spring-beans.xsd">


<bean id="customAccessDenied" class="org.medipaw.security.CustomAccessDeniedHandler"/>
<!-- <bean id="customLoginSuccess" class="org.zerock.security.CustomLoginSuccessHandler"/> -->
<bean id="bCryptPasswordEncoder" class="org.springframework.security.crypto.bcrypt.BCryptPasswordEncoder"/>
<bean id="customUserDetailsService" class="org.medipaw.security.CustomUserDetailsService"/>
<!-- <bean id="customPasswordEncoder" class="org.zerock.security.CustomNoOpPasswordEncoder"/> -->


	<security:http>
	
	 <security:intercept-url pattern="/genStaff/join" access="permitAll" /> 
		<!-- 로그인페이지지정 -->
	<!--  <security:form-login login-page="/customLogin" authentication-success-handler-ref="customLoginSuccess"/>  -->
	
		<security:form-login login-page="/customLogin"/>
		<!-- REMEMBER ME -->
		<security:remember-me data-source-ref="dataSource" token-validity-seconds="604800"/>
		<!-- 로그아웃페이징지정 -->
		<security:logout logout-url="/customLogout" invalidate-session="true" delete-cookies="remember-me,JSESSION_ID"/>
		
		
		<!-- 접근 불가 메시지 설정 -->
<!-- 		<security:access-denied-handler error-page="/accessDenied"/> -->
			<security:access-denied-handler ref="customAccessDenied"/>
	</security:http>

	<security:authentication-manager>
		<security:authentication-provider user-service-ref="customUserDetailsService">
<!-- 			<security:user-service>
				<security:user name="member" password="{noop}1111" authorities="ROLE_MEMBER"/>
				<security:user name="admin" password="{noop}1111" authorities="ROLE_ADMIN, ROLE_MEMBER"/>
			</security:user-service>-->
			
			<!-- <!— 데이터베이스 연동 —> -->
<!-- 			<security:jdbc-user-service data-source-ref="dataSource"  -->
<!-- 			users-by-username-query="SELECT id, pw, enabled FROM tbl_member WHERE id=?" -->
<!-- 			authorities-by-username-query="SELECT id, auth FROM tbl_member_auth WHERE id=?"/> -->
			
			<security:password-encoder ref="bCryptPasswordEncoder"/>
		</security:authentication-provider>
	</security:authentication-manager>

</beans>
